{
  "10": {
    "NUM_ICU_BEDS": 140,
    "NUM_LICENSED_BEDS": 3034,
    "AVG_AVAIL_BEDS": 1116.0606527999998,
    "NUM_HOSPITALS": 16
  },
  "11": {
    "NUM_ICU_BEDS": 237,
    "NUM_LICENSED_BEDS": 4143,
    "AVG_AVAIL_BEDS": 1037.3081975999999,
    "NUM_HOSPITALS": 14
  },
  "12": {
    "NUM_ICU_BEDS": 4979,
    "NUM_LICENSED_BEDS": 61827,
    "AVG_AVAIL_BEDS": 22785.320159249994,
    "NUM_HOSPITALS": 276
  },
  "13": {
    "NUM_ICU_BEDS": 2365,
    "NUM_LICENSED_BEDS": 27525,
    "AVG_AVAIL_BEDS": 9025.471449059996,
    "NUM_HOSPITALS": 180
  },
  "15": {
    "NUM_ICU_BEDS": 189,
    "NUM_LICENSED_BEDS": 3840,
    "AVG_AVAIL_BEDS": 1160.1546093300003,
    "NUM_HOSPITALS": 29
  },
  "16": {
    "NUM_ICU_BEDS": 300,
    "NUM_LICENSED_BEDS": 3729,
    "AVG_AVAIL_BEDS": 1757.2535704200002,
    "NUM_HOSPITALS": 53
  },
  "17": {
    "NUM_ICU_BEDS": 2589,
    "NUM_LICENSED_BEDS": 36911,
    "AVG_AVAIL_BEDS": 15434.482803539999,
    "NUM_HOSPITALS": 214
  },
  "18": {
    "NUM_ICU_BEDS": 1571,
    "NUM_LICENSED_BEDS": 17570,
    "AVG_AVAIL_BEDS": 7348.075886679999,
    "NUM_HOSPITALS": 177
  },
  "19": {
    "NUM_ICU_BEDS": 405,
    "NUM_LICENSED_BEDS": 11647,
    "AVG_AVAIL_BEDS": 5978.83138126,
    "NUM_HOSPITALS": 124
  },
  "20": {
    "NUM_ICU_BEDS": 737,
    "NUM_LICENSED_BEDS": 12507,
    "AVG_AVAIL_BEDS": 6017.207451089997,
    "NUM_HOSPITALS": 165
  },
  "21": {
    "NUM_ICU_BEDS": 1303,
    "NUM_LICENSED_BEDS": 16496,
    "AVG_AVAIL_BEDS": 7463.388363850001,
    "NUM_HOSPITALS": 119
  },
  "22": {
    "NUM_ICU_BEDS": 1221,
    "NUM_LICENSED_BEDS": 20245,
    "AVG_AVAIL_BEDS": 9334.229722117998,
    "NUM_HOSPITALS": 221
  },
  "23": {
    "NUM_ICU_BEDS": 212,
    "NUM_LICENSED_BEDS": 3887,
    "AVG_AVAIL_BEDS": 1479.2567411000002,
    "NUM_HOSPITALS": 39
  },
  "24": {
    "NUM_ICU_BEDS": 923,
    "NUM_LICENSED_BEDS": 12853,
    "AVG_AVAIL_BEDS": 3691.7932230399997,
    "NUM_HOSPITALS": 66
  },
  "25": {
    "NUM_ICU_BEDS": 1223,
    "NUM_LICENSED_BEDS": 19240,
    "AVG_AVAIL_BEDS": 5639.3187879,
    "NUM_HOSPITALS": 110
  },
  "26": {
    "NUM_ICU_BEDS": 1932,
    "NUM_LICENSED_BEDS": 26132,
    "AVG_AVAIL_BEDS": 10275.602139153996,
    "NUM_HOSPITALS": 171
  },
  "27": {
    "NUM_ICU_BEDS": 925,
    "NUM_LICENSED_BEDS": 16943,
    "AVG_AVAIL_BEDS": 6440.723986789997,
    "NUM_HOSPITALS": 148
  },
  "28": {
    "NUM_ICU_BEDS": 653,
    "NUM_LICENSED_BEDS": 14253,
    "AVG_AVAIL_BEDS": 6721.207134465502,
    "NUM_HOSPITALS": 114
  },
  "29": {
    "NUM_ICU_BEDS": 1665,
    "NUM_LICENSED_BEDS": 22268,
    "AVG_AVAIL_BEDS": 9002.561097770003,
    "NUM_HOSPITALS": 151
  },
  "30": {
    "NUM_ICU_BEDS": 165,
    "NUM_LICENSED_BEDS": 3362,
    "AVG_AVAIL_BEDS": 1549.5445612360002,
    "NUM_HOSPITALS": 67
  },
  "31": {
    "NUM_ICU_BEDS": 431,
    "NUM_LICENSED_BEDS": 6436,
    "AVG_AVAIL_BEDS": 3053.834982799999,
    "NUM_HOSPITALS": 101
  },
  "32": {
    "NUM_ICU_BEDS": 776,
    "NUM_LICENSED_BEDS": 9119,
    "AVG_AVAIL_BEDS": 2683.0896455,
    "NUM_HOSPITALS": 67
  },
  "33": {
    "NUM_ICU_BEDS": 240,
    "NUM_LICENSED_BEDS": 3481,
    "AVG_AVAIL_BEDS": 1136.1937238,
    "NUM_HOSPITALS": 34
  },
  "34": {
    "NUM_ICU_BEDS": 1437,
    "NUM_LICENSED_BEDS": 26674,
    "AVG_AVAIL_BEDS": 9059.2867157,
    "NUM_HOSPITALS": 101
  },
  "35": {
    "NUM_ICU_BEDS": 321,
    "NUM_LICENSED_BEDS": 4867,
    "AVG_AVAIL_BEDS": 2112.5888031599998,
    "NUM_HOSPITALS": 57
  },
  "36": {
    "NUM_ICU_BEDS": 3109,
    "NUM_LICENSED_BEDS": 54240,
    "AVG_AVAIL_BEDS": 14337.14493864,
    "NUM_HOSPITALS": 230
  },
  "37": {
    "NUM_ICU_BEDS": 1773,
    "NUM_LICENSED_BEDS": 28480,
    "AVG_AVAIL_BEDS": 9721.210509000006,
    "NUM_HOSPITALS": 145
  },
  "38": {
    "NUM_ICU_BEDS": 208,
    "NUM_LICENSED_BEDS": 3264,
    "AVG_AVAIL_BEDS": 1262.66647032,
    "NUM_HOSPITALS": 54
  },
  "39": {
    "NUM_ICU_BEDS": 2423,
    "NUM_LICENSED_BEDS": 41916,
    "AVG_AVAIL_BEDS": 17014.446898969993,
    "NUM_HOSPITALS": 251
  },
  "40": {
    "NUM_ICU_BEDS": 859,
    "NUM_LICENSED_BEDS": 15375,
    "AVG_AVAIL_BEDS": 6760.12975104,
    "NUM_HOSPITALS": 157
  },
  "41": {
    "NUM_ICU_BEDS": 652,
    "NUM_LICENSED_BEDS": 9230,
    "AVG_AVAIL_BEDS": 3272.662779899999,
    "NUM_HOSPITALS": 69
  },
  "42": {
    "NUM_ICU_BEDS": 2441,
    "NUM_LICENSED_BEDS": 42422,
    "AVG_AVAIL_BEDS": 15600.730955010002,
    "NUM_HOSPITALS": 245
  },
  "44": {
    "NUM_ICU_BEDS": 246,
    "NUM_LICENSED_BEDS": 3413,
    "AVG_AVAIL_BEDS": 1389.8141919,
    "NUM_HOSPITALS": 15
  },
  "45": {
    "NUM_ICU_BEDS": 975,
    "NUM_LICENSED_BEDS": 14508,
    "AVG_AVAIL_BEDS": 5413.783349800001,
    "NUM_HOSPITALS": 93
  },
  "46": {
    "NUM_ICU_BEDS": 150,
    "NUM_LICENSED_BEDS": 3269,
    "AVG_AVAIL_BEDS": 1709.1040871400003,
    "NUM_HOSPITALS": 66
  },
  "47": {
    "NUM_ICU_BEDS": 1653,
    "NUM_LICENSED_BEDS": 22775,
    "AVG_AVAIL_BEDS": 8626.047116433998,
    "NUM_HOSPITALS": 150
  },
  "48": {
    "NUM_ICU_BEDS": 5623,
    "NUM_LICENSED_BEDS": 80080,
    "AVG_AVAIL_BEDS": 30688.814063693993,
    "NUM_HOSPITALS": 641
  },
  "49": {
    "NUM_ICU_BEDS": 513,
    "NUM_LICENSED_BEDS": 6834,
    "AVG_AVAIL_BEDS": 3049.0412878,
    "NUM_HOSPITALS": 62
  },
  "50": {
    "NUM_ICU_BEDS": 69,
    "NUM_LICENSED_BEDS": 1646,
    "AVG_AVAIL_BEDS": 550.7393258,
    "NUM_HOSPITALS": 17
  },
  "51": {
    "NUM_ICU_BEDS": 1306,
    "NUM_LICENSED_BEDS": 18144,
    "AVG_AVAIL_BEDS": 6167.733225759998,
    "NUM_HOSPITALS": 124
  },
  "53": {
    "NUM_ICU_BEDS": 1344,
    "NUM_LICENSED_BEDS": 14088,
    "AVG_AVAIL_BEDS": 4365.254271274999,
    "NUM_HOSPITALS": 116
  },
  "54": {
    "NUM_ICU_BEDS": 458,
    "NUM_LICENSED_BEDS": 7803,
    "AVG_AVAIL_BEDS": 3406.789432299999,
    "NUM_HOSPITALS": 68
  },
  "55": {
    "NUM_ICU_BEDS": 1225,
    "NUM_LICENSED_BEDS": 17407,
    "AVG_AVAIL_BEDS": 8051.6899775500015,
    "NUM_HOSPITALS": 151
  },
  "56": {
    "NUM_ICU_BEDS": 102,
    "NUM_LICENSED_BEDS": 1656,
    "AVG_AVAIL_BEDS": 997.0041870000001,
    "NUM_HOSPITALS": 33
  },
  "72": {
    "NUM_ICU_BEDS": 619,
    "NUM_LICENSED_BEDS": 6935,
    "AVG_AVAIL_BEDS": 2741.0914009000003,
    "NUM_HOSPITALS": 50
  },
  "null": {
    "NUM_ICU_BEDS": 178,
    "NUM_LICENSED_BEDS": 2367,
    "AVG_AVAIL_BEDS": 863.3369678999999,
    "NUM_HOSPITALS": 24
  },
  "01": {
    "NUM_ICU_BEDS": 1105,
    "NUM_LICENSED_BEDS": 18667,
    "AVG_AVAIL_BEDS": 7509.230779100003,
    "NUM_HOSPITALS": 120
  },
  "08": {
    "NUM_ICU_BEDS": 962,
    "NUM_LICENSED_BEDS": 12955,
    "AVG_AVAIL_BEDS": 5025.6555764199975,
    "NUM_HOSPITALS": 113
  },
  "09": {
    "NUM_ICU_BEDS": 572,
    "NUM_LICENSED_BEDS": 8185,
    "AVG_AVAIL_BEDS": 2430.0008477699994,
    "NUM_HOSPITALS": 46
  },
  "06": {
    "NUM_ICU_BEDS": 6925,
    "NUM_LICENSED_BEDS": 85161,
    "AVG_AVAIL_BEDS": 32690.760986070003,
    "NUM_HOSPITALS": 466
  },
  "04": {
    "NUM_ICU_BEDS": 1263,
    "NUM_LICENSED_BEDS": 17163,
    "AVG_AVAIL_BEDS": 6887.31632092,
    "NUM_HOSPITALS": 126
  },
  "05": {
    "NUM_ICU_BEDS": 667,
    "NUM_LICENSED_BEDS": 12869,
    "AVG_AVAIL_BEDS": 5528.178227800002,
    "NUM_HOSPITALS": 106
  },
  "02": {
    "NUM_ICU_BEDS": 106,
    "NUM_LICENSED_BEDS": 1760,
    "AVG_AVAIL_BEDS": 701.8608411800001,
    "NUM_HOSPITALS": 28
  }
}